epoch,time,train/box_loss,train/cls_loss,train/dfl_loss,metrics/precision(B),metrics/recall(B),metrics/mAP50(B),metrics/mAP50-95(B),val/box_loss,val/cls_loss,val/dfl_loss,lr/pg0,lr/pg1,lr/pg2,lr/pg3,lr/pg4,lr/pg5,lr/pg6,lr/pg7,lr/pg8,lr/pg9,lr/pg10,lr/pg11
1,2978.21,1.67891,7273.51,0.01198,0.00094,0.04718,0.0001,7e-05,1.50543,1388.71,0.01306,0.00999852,0.00333284,0.00999852,0.00333284,0.00999852,0.00333284,0.00999852,0.00333284,0.00499926,0.00166642,0.019997,0.00666568
2,4582.81,1.62298,6.00457,0.01188,0.49055,0.18258,0.15806,0.09738,1.59532,2.89929,0.01562,0.019751,0.00658368,0.019751,0.00658368,0.019751,0.00658368,0.019751,0.00658368,0.00987552,0.00329184,0.0395021,0.0131674
3,5903.23,1.72073,2.58255,0.01304,0.44148,0.19067,0.15965,0.09593,1.64622,2.90508,0.01646,0.0292561,0.00975202,0.0292561,0.00975202,0.0292561,0.00975202,0.0292561,0.00975202,0.014628,0.00487601,0.0585121,0.019504
4,7123.06,1.73377,2.54033,0.01317,0.30059,0.2221,0.20427,0.12815,1.55886,2.75639,0.01492,0.0288862,0.00962875,0.0288862,0.00962875,0.0288862,0.00962875,0.0288862,0.00962875,0.0144431,0.00481438,0.0577725,0.0192575
5,8340.1,1.69054,2.41743,0.01268,0.33296,0.24408,0.23531,0.15363,1.49959,2.65528,0.01401,0.028515,0.009505,0.028515,0.009505,0.028515,0.009505,0.028515,0.009505,0.0142575,0.0047525,0.05703,0.01901
6,9564.56,1.66327,2.34267,0.01228,0.34736,0.26105,0.25575,0.16894,1.46391,2.59653,0.01339,0.0281437,0.00938125,0.0281437,0.00938125,0.0281437,0.00938125,0.0281437,0.00938125,0.0140719,0.00469063,0.0562875,0.0187625
7,10795.3,1.64612,2.27466,0.01202,0.36281,0.27009,0.26836,0.17946,1.44918,2.54888,0.01321,0.0277725,0.0092575,0.0277725,0.0092575,0.0277725,0.0092575,0.0277725,0.0092575,0.0138863,0.00462875,0.055545,0.018515
8,12062.8,1.63865,2.2542,0.0119,0.35011,0.28347,0.27631,0.18654,1.43118,2.5347,0.01297,0.0274012,0.00913375,0.0274012,0.00913375,0.0274012,0.00913375,0.0274012,0.00913375,0.0137006,0.00456687,0.0548025,0.0182675
9,13322.2,1.62565,2.22371,0.01178,0.34988,0.28988,0.28242,0.19152,1.42534,2.51687,0.01287,0.02703,0.00901,0.02703,0.00901,0.02703,0.00901,0.02703,0.00901,0.013515,0.004505,0.05406,0.01802
10,14580,1.6177,2.21298,0.01184,0.36659,0.2851,0.28626,0.19517,1.41652,2.5102,0.01271,0.0266587,0.00888625,0.0266587,0.00888625,0.0266587,0.00888625,0.0266587,0.00888625,0.0133294,0.00444313,0.0533175,0.0177725
11,15837.6,1.6203,2.19918,0.01166,0.3757,0.28288,0.2889,0.19725,1.41053,2.50133,0.01259,0.0262875,0.0087625,0.0262875,0.0087625,0.0262875,0.0087625,0.0262875,0.0087625,0.0131437,0.00438125,0.052575,0.017525
12,17094.1,1.60977,2.17806,0.01157,0.37592,0.28279,0.29123,0.19913,1.40584,2.49328,0.01253,0.0259163,0.00863875,0.0259163,0.00863875,0.0259163,0.00863875,0.0259163,0.00863875,0.0129581,0.00431938,0.0518325,0.0172775
13,18327.4,1.60197,2.16185,0.01152,0.37636,0.28605,0.2927,0.20062,1.40098,2.4886,0.01247,0.025545,0.008515,0.025545,0.008515,0.025545,0.008515,0.025545,0.008515,0.0127725,0.0042575,0.05109,0.01703
14,19551.7,1.60171,2.1623,0.01163,0.38016,0.28714,0.2939,0.20174,1.39836,2.48164,0.01243,0.0251737,0.00839125,0.0251737,0.00839125,0.0251737,0.00839125,0.0251737,0.00839125,0.0125869,0.00419563,0.0503475,0.0167825
15,20785.9,1.59905,2.13776,0.01137,0.38539,0.2864,0.29531,0.20316,1.39591,2.476,0.0124,0.0248025,0.0082675,0.0248025,0.0082675,0.0248025,0.0082675,0.0248025,0.0082675,0.0124012,0.00413375,0.049605,0.016535
16,22016,1.60138,2.13137,0.01137,0.38072,0.28859,0.2965,0.2039,1.39465,2.4728,0.01238,0.0244312,0.00814375,0.0244312,0.00814375,0.0244312,0.00814375,0.0244312,0.00814375,0.0122156,0.00407187,0.0488625,0.0162875
17,23241.4,1.59075,2.11676,0.01141,0.3822,0.28688,0.29792,0.20431,1.39293,2.4689,0.01235,0.02406,0.00802,0.02406,0.00802,0.02406,0.00802,0.02406,0.00802,0.01203,0.00401,0.04812,0.01604
18,24485.2,1.59634,2.12251,0.0114,0.38157,0.29043,0.29875,0.20479,1.39031,2.46661,0.01232,0.0236888,0.00789625,0.0236888,0.00789625,0.0236888,0.00789625,0.0236888,0.00789625,0.0118444,0.00394813,0.0473775,0.0157925
19,25709.6,1.58869,2.11278,0.01138,0.39211,0.28948,0.29949,0.20522,1.38864,2.46198,0.01229,0.0233175,0.0077725,0.0233175,0.0077725,0.0233175,0.0077725,0.0233175,0.0077725,0.0116587,0.00388625,0.046635,0.015545
20,26935.6,1.58196,2.10168,0.01134,0.39635,0.28706,0.3006,0.20603,1.38728,2.45628,0.01226,0.0229462,0.00764875,0.0229462,0.00764875,0.0229462,0.00764875,0.0229462,0.00764875,0.0114731,0.00382438,0.0458925,0.0152975
21,28191.4,1.58063,2.10554,0.01135,0.39241,0.28996,0.30142,0.20708,1.38617,2.45128,0.01224,0.022575,0.007525,0.022575,0.007525,0.022575,0.007525,0.022575,0.007525,0.0112875,0.0037625,0.04515,0.01505
22,29549.1,1.58484,2.10124,0.0113,0.39482,0.29246,0.30244,0.20784,1.38531,2.44623,0.01223,0.0222038,0.00740125,0.0222038,0.00740125,0.0222038,0.00740125,0.0222038,0.00740125,0.0111019,0.00370063,0.0444075,0.0148025
23,30924.2,1.58266,2.0912,0.01125,0.39814,0.29071,0.30392,0.20894,1.38386,2.44261,0.0122,0.0218325,0.0072775,0.0218325,0.0072775,0.0218325,0.0072775,0.0218325,0.0072775,0.0109162,0.00363875,0.043665,0.014555
24,32151.6,1.57977,2.07403,0.01112,0.39727,0.28981,0.30564,0.21035,1.38235,2.4403,0.01218,0.0214612,0.00715375,0.0214612,0.00715375,0.0214612,0.00715375,0.0214612,0.00715375,0.0107306,0.00357688,0.0429225,0.0143075
25,33376.8,1.58804,2.08056,0.01117,0.39995,0.29036,0.30674,0.21134,1.38,2.43981,0.01216,0.02109,0.00703,0.02109,0.00703,0.02109,0.00703,0.02109,0.00703,0.010545,0.003515,0.04218,0.01406
26,34602.3,1.57626,2.06495,0.01117,0.39814,0.29353,0.3079,0.2126,1.3782,2.43801,0.01215,0.0207188,0.00690625,0.0207188,0.00690625,0.0207188,0.00690625,0.0207188,0.00690625,0.0103594,0.00345313,0.0414375,0.0138125
27,35865,1.57188,2.07264,0.01113,0.38687,0.30169,0.30936,0.21348,1.37685,2.43625,0.01212,0.0203475,0.0067825,0.0203475,0.0067825,0.0203475,0.0067825,0.0203475,0.0067825,0.0101738,0.00339125,0.040695,0.013565
28,37155.2,1.56995,2.06478,0.01108,0.39066,0.3017,0.31138,0.21506,1.37489,2.43349,0.01208,0.0199762,0.00665875,0.0199762,0.00665875,0.0199762,0.00665875,0.0199762,0.00665875,0.00998812,0.00332937,0.0399525,0.0133175
29,38371,1.56942,2.04944,0.01107,0.3933,0.30122,0.31373,0.21678,1.37469,2.42988,0.01207,0.019605,0.006535,0.019605,0.006535,0.019605,0.006535,0.019605,0.006535,0.0098025,0.0032675,0.03921,0.01307
30,39663.6,1.57156,2.05516,0.01117,0.39254,0.30176,0.31551,0.21843,1.37444,2.4272,0.01206,0.0192337,0.00641125,0.0192337,0.00641125,0.0192337,0.00641125,0.0192337,0.00641125,0.00961687,0.00320562,0.0384675,0.0128225
31,41037.2,1.56624,2.04835,0.01103,0.39407,0.30264,0.31648,0.21913,1.37415,2.42432,0.01207,0.0188625,0.0062875,0.0188625,0.0062875,0.0188625,0.0062875,0.0188625,0.0062875,0.00943125,0.00314375,0.037725,0.012575
32,42318.4,1.55982,2.03221,0.01108,0.39194,0.30418,0.31807,0.22067,1.37389,2.41976,0.01207,0.0184913,0.00616375,0.0184913,0.00616375,0.0184913,0.00616375,0.0184913,0.00616375,0.00924563,0.00308187,0.0369825,0.0123275
33,43537.8,1.55948,2.03327,0.01109,0.3922,0.3081,0.31863,0.22115,1.37422,2.41774,0.01208,0.01812,0.00604,0.01812,0.00604,0.01812,0.00604,0.01812,0.00604,0.00906,0.00302,0.03624,0.01208
34,44772.2,1.55817,2.03048,0.01096,0.38809,0.31135,0.31963,0.22184,1.37182,2.41801,0.01203,0.0177488,0.00591625,0.0177488,0.00591625,0.0177488,0.00591625,0.0177488,0.00591625,0.00887438,0.00295813,0.0354975,0.0118325
35,45995.8,1.56362,2.01956,0.01094,0.39252,0.31257,0.32079,0.22274,1.37179,2.41744,0.01204,0.0173775,0.0057925,0.0173775,0.0057925,0.0173775,0.0057925,0.0173775,0.0057925,0.00868875,0.00289625,0.034755,0.011585
36,47211.8,1.56301,2.02247,0.011,0.39076,0.31272,0.32098,0.22278,1.37113,2.41664,0.01201,0.0170063,0.00566875,0.0170063,0.00566875,0.0170063,0.00566875,0.0170063,0.00566875,0.00850313,0.00283438,0.0340125,0.0113375
37,48426.8,1.55049,2.01796,0.011,0.39343,0.31212,0.32226,0.22405,1.36952,2.41595,0.012,0.016635,0.005545,0.016635,0.005545,0.016635,0.005545,0.016635,0.005545,0.0083175,0.0027725,0.03327,0.01109
38,49641.8,1.54496,2.0052,0.01091,0.39686,0.31351,0.3238,0.22493,1.3684,2.4134,0.01199,0.0162637,0.00542125,0.0162637,0.00542125,0.0162637,0.00542125,0.0162637,0.00542125,0.00813187,0.00271062,0.0325275,0.0108425
39,50857.4,1.54861,1.9986,0.01083,0.39822,0.31579,0.3258,0.22619,1.3683,2.40953,0.01199,0.0158925,0.0052975,0.0158925,0.0052975,0.0158925,0.0052975,0.0158925,0.0052975,0.00794625,0.00264875,0.031785,0.010595
40,52070.2,1.54244,1.98874,0.01081,0.39627,0.31732,0.32662,0.22727,1.36653,2.40879,0.01196,0.0155212,0.00517375,0.0155212,0.00517375,0.0155212,0.00517375,0.0155212,0.00517375,0.00776062,0.00258687,0.0310425,0.0103475
41,53283.7,1.54858,1.98331,0.01081,0.39966,0.3178,0.32736,0.22797,1.36458,2.40933,0.01192,0.01515,0.00505,0.01515,0.00505,0.01515,0.00505,0.01515,0.00505,0.007575,0.002525,0.0303,0.0101
42,54498.6,1.54025,1.98503,0.01081,0.39602,0.31959,0.3279,0.22834,1.3633,2.40919,0.01192,0.0147788,0.00492625,0.0147788,0.00492625,0.0147788,0.00492625,0.0147788,0.00492625,0.00738938,0.00246313,0.0295575,0.0098525
43,55710.5,1.54649,1.98692,0.01068,0.40179,0.31893,0.32886,0.22897,1.36107,2.40909,0.01188,0.0144075,0.0048025,0.0144075,0.0048025,0.0144075,0.0048025,0.0144075,0.0048025,0.00720375,0.00240125,0.028815,0.009605
44,56924.4,1.54232,1.97299,0.01077,0.40397,0.31968,0.33002,0.22998,1.36102,2.40688,0.0119,0.0140363,0.00467875,0.0140363,0.00467875,0.0140363,0.00467875,0.0140363,0.00467875,0.00701813,0.00233938,0.0280725,0.0093575
45,58140.8,1.52984,1.95754,0.01067,0.40065,0.32065,0.33059,0.23054,1.35953,2.40652,0.01186,0.013665,0.004555,0.013665,0.004555,0.013665,0.004555,0.013665,0.004555,0.0068325,0.0022775,0.02733,0.00911
46,59473.1,1.52844,1.9642,0.01072,0.40362,0.3213,0.3315,0.23127,1.35876,2.40495,0.01183,0.0132938,0.00443125,0.0132938,0.00443125,0.0132938,0.00443125,0.0132938,0.00443125,0.00664688,0.00221563,0.0265875,0.0088625
47,60761.2,1.52744,1.9577,0.01061,0.40689,0.31946,0.33323,0.23247,1.35779,2.40374,0.0118,0.0129225,0.0043075,0.0129225,0.0043075,0.0129225,0.0043075,0.0129225,0.0043075,0.00646125,0.00215375,0.025845,0.008615
48,62099.8,1.52382,1.94275,0.01066,0.41215,0.31764,0.33481,0.23339,1.3578,2.40166,0.0118,0.0125512,0.00418375,0.0125512,0.00418375,0.0125512,0.00418375,0.0125512,0.00418375,0.00627562,0.00209187,0.0251025,0.0083675
49,63314.3,1.52575,1.94186,0.01054,0.41351,0.31862,0.33515,0.23406,1.35771,2.40145,0.01181,0.01218,0.00406,0.01218,0.00406,0.01218,0.00406,0.01218,0.00406,0.00609,0.00203,0.02436,0.00812
50,64528.8,1.52737,1.93536,0.01058,0.40991,0.3225,0.3358,0.23399,1.35641,2.40263,0.01179,0.0118087,0.00393625,0.0118087,0.00393625,0.0118087,0.00393625,0.0118087,0.00393625,0.00590437,0.00196812,0.0236175,0.0078725
51,65747,1.52265,1.92049,0.01042,0.40973,0.32282,0.33672,0.23483,1.35551,2.40117,0.01179,0.0114375,0.0038125,0.0114375,0.0038125,0.0114375,0.0038125,0.0114375,0.0038125,0.00571875,0.00190625,0.022875,0.007625
52,66962.1,1.51297,1.91828,0.01043,0.41116,0.32343,0.33822,0.23614,1.35433,2.39951,0.01178,0.0110663,0.00368875,0.0110663,0.00368875,0.0110663,0.00368875,0.0110663,0.00368875,0.00553313,0.00184438,0.0221325,0.0073775
53,68179.3,1.5139,1.91643,0.01048,0.4144,0.32446,0.3397,0.23716,1.35374,2.3976,0.01177,0.010695,0.003565,0.010695,0.003565,0.010695,0.003565,0.010695,0.003565,0.0053475,0.0017825,0.02139,0.00713
54,69394.4,1.51269,1.91265,0.0105,0.41469,0.32546,0.34024,0.23762,1.35246,2.39617,0.01175,0.0103237,0.00344125,0.0103237,0.00344125,0.0103237,0.00344125,0.0103237,0.00344125,0.00516187,0.00172063,0.0206475,0.0068825
55,70617,1.5044,1.89244,0.01042,0.4198,0.32439,0.34152,0.23877,1.35171,2.39412,0.01174,0.0099525,0.0033175,0.0099525,0.0033175,0.0099525,0.0033175,0.0099525,0.0033175,0.00497625,0.00165875,0.019905,0.006635
56,71900.5,1.49837,1.88908,0.0103,0.41282,0.32876,0.34351,0.24026,1.35132,2.39182,0.01174,0.00958125,0.00319375,0.00958125,0.00319375,0.00958125,0.00319375,0.00958125,0.00319375,0.00479062,0.00159688,0.0191625,0.0063875
57,73796.1,1.49699,1.88079,0.0103,0.41384,0.33065,0.34494,0.24105,1.34963,2.39376,0.01172,0.00921,0.00307,0.00921,0.00307,0.00921,0.00307,0.00921,0.00307,0.004605,0.001535,0.01842,0.00614
58,75222.3,1.50059,1.88043,0.01028,0.40973,0.33564,0.34624,0.24183,1.34961,2.39227,0.0117,0.00883875,0.00294625,0.00883875,0.00294625,0.00883875,0.00294625,0.00883875,0.00294625,0.00441937,0.00147312,0.0176775,0.0058925
59,76434.6,1.49618,1.86082,0.01019,0.41415,0.33405,0.34727,0.2426,1.34921,2.39296,0.01169,0.0084675,0.0028225,0.0084675,0.0028225,0.0084675,0.0028225,0.0084675,0.0028225,0.00423375,0.00141125,0.016935,0.005645
60,77646.3,1.48833,1.8499,0.01014,0.40931,0.33516,0.34805,0.24335,1.34903,2.39144,0.01169,0.00809625,0.00269875,0.00809625,0.00269875,0.00809625,0.00269875,0.00809625,0.00269875,0.00404812,0.00134937,0.0161925,0.0053975
61,78859.2,1.4886,1.85595,0.01018,0.41261,0.33405,0.34833,0.24381,1.34874,2.39072,0.0117,0.007725,0.002575,0.007725,0.002575,0.007725,0.002575,0.007725,0.002575,0.0038625,0.0012875,0.01545,0.00515
62,80075.7,1.4803,1.84045,0.01008,0.41315,0.33677,0.34897,0.24427,1.34847,2.38978,0.01169,0.00735375,0.00245125,0.00735375,0.00245125,0.00735375,0.00245125,0.00735375,0.00245125,0.00367688,0.00122563,0.0147075,0.0049025
63,81394.6,1.47788,1.82858,0.00996,0.41992,0.33097,0.34994,0.2451,1.34703,2.38865,0.01169,0.0069825,0.0023275,0.0069825,0.0023275,0.0069825,0.0023275,0.0069825,0.0023275,0.00349125,0.00116375,0.013965,0.004655
64,82604.3,1.47633,1.82664,0.00996,0.41438,0.33358,0.34955,0.24536,1.34611,2.38814,0.01167,0.00661125,0.00220375,0.00661125,0.00220375,0.00661125,0.00220375,0.00661125,0.00220375,0.00330562,0.00110188,0.0132225,0.0044075
65,83818.6,1.46842,1.81173,0.00988,0.41215,0.33534,0.35015,0.24581,1.3439,2.38921,0.01163,0.00624,0.00208,0.00624,0.00208,0.00624,0.00208,0.00624,0.00208,0.00312,0.00104,0.01248,0.00416
66,85119,1.46748,1.80923,0.00985,0.413,0.33451,0.35042,0.24614,1.34255,2.38958,0.01161,0.00586875,0.00195625,0.00586875,0.00195625,0.00586875,0.00195625,0.00586875,0.00195625,0.00293437,0.000978125,0.0117375,0.0039125
67,86419.2,1.46711,1.7965,0.00981,0.41453,0.33588,0.35149,0.24684,1.34203,2.38889,0.01159,0.0054975,0.0018325,0.0054975,0.0018325,0.0054975,0.0018325,0.0054975,0.0018325,0.00274875,0.00091625,0.010995,0.003665
68,87723.4,1.46198,1.7941,0.00983,0.41755,0.33624,0.35222,0.24746,1.34048,2.38852,0.01156,0.00512625,0.00170875,0.00512625,0.00170875,0.00512625,0.00170875,0.00512625,0.00170875,0.00256312,0.000854375,0.0102525,0.0034175
69,88938.7,1.44863,1.77117,0.00977,0.41728,0.33907,0.35347,0.24874,1.33993,2.38478,0.01155,0.004755,0.001585,0.004755,0.001585,0.004755,0.001585,0.004755,0.001585,0.0023775,0.0007925,0.00951,0.00317
70,90150.1,1.44847,1.76461,0.00968,0.41923,0.33851,0.35514,0.24999,1.33809,2.38454,0.01154,0.00438375,0.00146125,0.00438375,0.00146125,0.00438375,0.00146125,0.00438375,0.00146125,0.00219187,0.000730625,0.0087675,0.0029225
71,91370.2,1.39808,1.6151,0.01066,0.42229,0.33784,0.35528,0.25029,1.33734,2.38405,0.01152,0.0040125,0.0013375,0.0040125,0.0013375,0.0040125,0.0013375,0.0040125,0.0013375,0.00200625,0.00066875,0.008025,0.002675
72,92578.1,1.38957,1.58982,0.01053,0.42838,0.33533,0.35593,0.25096,1.33588,2.38618,0.01147,0.00364125,0.00121375,0.00364125,0.00121375,0.00364125,0.00121375,0.00364125,0.00121375,0.00182063,0.000606875,0.0072825,0.0024275
73,93784.7,1.38697,1.58682,0.01036,0.42014,0.33667,0.3562,0.25105,1.33589,2.38617,0.01147,0.00327,0.00109,0.00327,0.00109,0.00327,0.00109,0.00327,0.00109,0.001635,0.000545,0.00654,0.00218
74,94990.9,1.38111,1.56552,0.0103,0.41453,0.33837,0.35653,0.25124,1.33536,2.38611,0.01146,0.00289875,0.00096625,0.00289875,0.00096625,0.00289875,0.00096625,0.00289875,0.00096625,0.00144938,0.000483125,0.0057975,0.0019325
75,96197.3,1.37704,1.54482,0.01019,0.4262,0.33956,0.35765,0.25225,1.33398,2.38808,0.01143,0.0025275,0.0008425,0.0025275,0.0008425,0.0025275,0.0008425,0.0025275,0.0008425,0.00126375,0.00042125,0.005055,0.001685
76,97408.7,1.37333,1.53712,0.01014,0.42873,0.33893,0.35815,0.25281,1.33229,2.39028,0.01139,0.00215625,0.00071875,0.00215625,0.00071875,0.00215625,0.00071875,0.00215625,0.00071875,0.00107812,0.000359375,0.0043125,0.0014375
77,98615.8,1.36221,1.52524,0.00998,0.4263,0.33968,0.35891,0.25331,1.33097,2.39225,0.01136,0.001785,0.000595,0.001785,0.000595,0.001785,0.000595,0.001785,0.000595,0.0008925,0.0002975,0.00357,0.00119
78,99823,1.34718,1.50788,0.00998,0.4312,0.33857,0.36005,0.25422,1.33066,2.3935,0.01135,0.00141375,0.00047125,0.00141375,0.00047125,0.00141375,0.00047125,0.00141375,0.00047125,0.000706875,0.000235625,0.0028275,0.0009425
79,101029,1.34816,1.49208,0.00977,0.43083,0.33989,0.36034,0.25434,1.33038,2.39538,0.01134,0.0010425,0.0003475,0.0010425,0.0003475,0.0010425,0.0003475,0.0010425,0.0003475,0.00052125,0.00017375,0.002085,0.000695
80,102265,1.34379,1.48365,0.00966,0.43276,0.33993,0.36083,0.25482,1.32991,2.39746,0.01132,0.00067125,0.00022375,0.00067125,0.00022375,0.00067125,0.00022375,0.00067125,0.00022375,0.000335625,0.000111875,0.0013425,0.0004475
